{
"AWSTemplateFormatVersion" : "2010-09-09",
  "Description" : "Create auto-scaling group",
  "Parameters" : {
    "ImageID"           : { "Description" : "", "Type" : "String", "Default" : "ami-2e8bf046" },
    "instancetype"      : { "Description" : "Type of EC2 instance to launch", "Type" : "String", "Default" : "m3.medium" },
    "region"            : { "Description" : "AWS region the AS group to launch", "Type" : "String", "Default" : "us-east-1" },
    "keyname"           : { "Description" : "Name of an existing EC2 KeyPair", "Type" : "String", "Default" : "campaign-ssh" },
    "SecurityGroup"     : { "Description" : "", "Type" : "String", "Default" : "ssh" },  
    "MinSize"           : { "Description" : "", "Type" : "Number", "Default" : "1" },
    "MaxSize"           : { "Description" : "", "Type" : "Number", "Default" : "1" },
    "DesiredCapacity"   : { "Description" : "", "Type" : "Number", "Default" : "1" },
    "adjustup"          : { "Description" : "", "Type" : "Number", "Default" : "1" },
    "adjustdown"        : { "Description" : "", "Type" : "Number", "Default" : "-1" },
    "scalepolicytype"   : { "Description" : "", "Type" : "String", "Default" : "ChangeInCapacity" },
    "cooldown"          : { "Description" : "", "Type" : "Number", "Default" : "300" },
    "evalperiod"        : { "Description" : "", "Type" : "Number", "Default" : "1" },
    "period"            : { "Description" : "", "Type" : "Number", "Default" : "300" },
    "statistic"         : { "Description" : "", "Type" : "String", "Default" : "Sum" },
    "namespace"         : { "Description" : "", "Type" : "String", "Default" : "Dev" },
    "upthreshold"       : { "Description" : "", "Type" : "Number", "Default" : "20" },
    "downthreshold"     : { "Description" : "", "Type" : "Number", "Default" : "1" },
    "Instancename"      : { "Description" : "", "Type" : "String", "Default" : "campaign-dev" },
    "environment"       : { "Description" : "", "Type" : "String", "Default" : "dev" },
    "userdata"          : { "Description" : "", "Type" : "String", "Default" : ""},
    "availabilityzone"  : { "Description" : "", "Type" : "String", "Default" : "us-east-1a"},
    "iamrole"           : { "Description" : "", "Type" : "String", "Default" : "True" },
    "ELBname"           : { "Description" : "", "Type" : "String", "Default" : "campaign-demo1" },
    "iamprofile"        : { "Description" : "", "Type" : "String", "Default" : "" }
  },
  "Resources" : {
  
  "ec2Role": {
         "Type": "AWS::IAM::Role",
         "Properties": {
            "AssumeRolePolicyDocument": {
               "Statement": [ {
                  "Effect": "Allow",
                  "Principal": {
                     "Service": [ "ec2.amazonaws.com" ]
                  },
                  "Action": [ "sts:AssumeRole" ]
               } ]
            },
            "Path": "/",
            "Policies": [ {
               "PolicyName": "root",
               "PolicyDocument": {
                  "Statement": [ {
			  "Action": [
                               "cloudformation:DescribeStacks",
                               "ec2:Describe*",
                               "s3:Get*",
                               "s3:List*"
			   ],
			   "Effect": "Allow",
			   "Resource": "*"
			} ]
               }
               } ]
            }
         },
         "ec2RoleInstanceProfile": {
         "Type": "AWS::IAM::InstanceProfile",
         "Properties": {
            "Path": "/",
            "Roles": [ {
               "Ref": "ec2Role"
            } ]
         }
    },   
    "LaunchConfigurationNode" : {
      "Type" : "AWS::AutoScaling::LaunchConfiguration",
      "Properties" : {
        "KeyName" : { "Ref" : "keyname" },
        "SecurityGroups" : [ {"Ref": "SecurityGroup"} ],
        "IamInstanceProfile": {"Ref": "ec2RoleInstanceProfile"},
        "InstanceType" : { "Ref" : "instancetype" },  
        "ImageId" : { "Ref" : "ImageID" },
        "UserData" : {  
          "Fn::Base64" : { 
            "Fn::Join" : [ "", [
                "environment=", {"Ref": "environment"}, "\n",
                "iamrole=", {"Ref": "iamrole"}
            ] ]
          }
        }
      }
    },
    "AutoScalingGroupNode" : {
       "Type" : "AWS::AutoScaling::AutoScalingGroup",
       "Properties" : {
         "AvailabilityZones" : [ {"Ref": "availabilityzone"} ],
         "LaunchConfigurationName" : { "Ref": "LaunchConfigurationNode" },
         "MinSize" : {"Ref": "MinSize"},
         "MaxSize" : {"Ref": "MaxSize"},
         "Cooldown": {"Ref": "cooldown"},
         "DesiredCapacity": {"Ref": "DesiredCapacity"},
         "LoadBalancerNames" : [ { "Ref" : "ELBname" } ],
         "Tags" : [ { 
              "Key": "Name",
              "Value": {"Fn::Join": ["", [{"Ref": "Instancename"},""] ] },
              "PropagateAtLaunch" : "true" 
          } ]
       }
    }
  },
  "Outputs" : {
    "scalegroup1"        : { "Value": { "Ref" : "AutoScalingGroupNode"}, "Description": "The autoscalegroup created from this stack." }
  }
}
